within_total,population_total,within_black,population_black,within_white,population_white,within_nhpi,population_nhpi,within_total_pct,within_black_pct,within_white_pct,within_nhpi_pct
1210.5300894459058,2344592,13.433044602737898,134438,1132.1536328433551,1996528,1.6273733126975043,10099,5.163073530259874e-4,9.99199973425512e-5,5.670612347251604e-4,1.6114202522007171e-4
